{
    "pages" : [
        //pages数组中第一项表示应用启动页，参考：https://uniapp.dcloud.io/collocation/pages
        {
            "path" : "pages/index/index",
            "style" : {
                "navigationBarTitleText" : "mescroll-uni"
            }
        },
        {
            "path" : "pages/base/list-news",
            "style" : {
				"navigationBarTitleText" : "list-news",
				// "enablePullDownRefresh" : false, // 不开启下拉刷新, 默认就是false
				"app-plus" : {
					"bounce" : "none" // 取消iOS回弹,避免和下拉刷新冲突 (小程序无法取消)
				}
			}
        },
        {
            "path" : "pages/base/list-products",
            "style" : {
				"navigationBarTitleText" : "list-products",
				// "enablePullDownRefresh" : false, // 不开启下拉刷新, 默认就是false
				"app-plus" : {
					"bounce" : "none" // 取消iOS回弹,避免和下拉刷新冲突 (小程序无法取消)
				}
			}
        },
        {
            "path" : "pages/base/mescroll-options",
            "style" : {
				"navigationBarTitleText" : "mescroll-options",
				// "enablePullDownRefresh" : false, // 不开启下拉刷新, 默认就是false
				"app-plus" : {
					"bounce" : "none" // 取消iOS回弹,避免和下拉刷新冲突 (小程序无法取消)
				}
			}
        },
		{
		    "path" : "pages/base/sticky",
		    "style" : {
				"navigationBarTitleText" : "sticky吸顶悬浮 (切换刷新列表)",
				// "enablePullDownRefresh" : false, // 不开启下拉刷新, 默认就是false
				"app-plus" : {
					"bounce" : "none" // 取消iOS回弹,避免和下拉刷新冲突 (小程序无法取消)
				}
			}
		},
		{
		    "path" : "pages/base/sticky-data",
		    "style" : {
				"navigationBarTitleText" : "sticky吸顶悬浮 (缓存列表数据)",
				// "enablePullDownRefresh" : false, // 不开启下拉刷新, 默认就是false
				"app-plus" : {
					"bounce" : "none" // 取消iOS回弹,避免和下拉刷新冲突 (小程序无法取消)
				}
			}
		},
        {
            "path" : "pages/base/list-mescroll-one",
            "style" : {
				"navigationBarTitleText" : "list-mescroll-one",
				// "enablePullDownRefresh" : false, // 不开启下拉刷新, 默认就是false
				"app-plus" : {
					"bounce" : "none" // 取消iOS回弹,避免和下拉刷新冲突 (小程序无法取消)
				}
			}
        },
        {
            "path" : "pages/base/list-mescroll-more",
            "style" : {
				"navigationBarTitleText" : "list-mescroll-more",
				// "enablePullDownRefresh" : false, // 不开启下拉刷新, 默认就是false
				"app-plus" : {
					"bounce" : "none" // 取消iOS回弹,避免和下拉刷新冲突 (小程序无法取消)
				}
			}
        },
        {
            "path" : "pages/base/list-search",
            "style" : {
				"navigationBarTitleText" : "list-search",
				// "enablePullDownRefresh" : false, // 不开启下拉刷新, 默认就是false
				"app-plus" : {
					"bounce" : "none" // 取消iOS回弹,避免和下拉刷新冲突 (小程序无法取消)
				}
			}
        },
        {
            "path" : "pages/intermediate/mescroll-swiper",
            "style" : {
				"navigationBarTitleText" : "轮播菜单导航 mescroll-swiper.vue",
				// "enablePullDownRefresh" : false, // 不开启下拉刷新, 默认就是false
				"app-plus" : {
					"bounce" : "none" // 取消iOS回弹,避免和下拉刷新冲突 (小程序无法取消)
				}
			}
        },
		{
            "path" : "pages/intermediate/beibei",
            "style" : {
				"navigationBarTitleText" : "贝贝 mescroll-beibei.vue",
				// "enablePullDownRefresh" : false, // 不开启下拉刷新, 默认就是false
				"app-plus" : {
					"bounce" : "none" // 取消iOS回弹,避免和下拉刷新冲突 (小程序无法取消)
				}
			}
        },
        {
            "path" : "pages/intermediate/xinlang",
            "style" : {
				"navigationBarTitleText" : "新浪微博 mescroll-xinlang.vue",
				// "enablePullDownRefresh" : false, // 不开启下拉刷新, 默认就是false
				"app-plus" : {
					"bounce" : "none" // 取消iOS回弹,避免和下拉刷新冲突 (小程序无法取消)
				}
			}
        }
    ],
    "globalStyle" : {
        "navigationBarTextStyle" : "black",
        "navigationBarBackgroundColor" : "#fff"
    },
	"condition" : { //模式配置，仅开发期间生效
		"current": 0, //当前激活的模式(list 的索引项)
		"list": [
			{
				"name": "", //模式名称
				"path": "", //启动页面，必选
				"query": "" //启动参数，在页面的onLoad函数里面得到
			}
		]
	}
}
